[{"model": "sessions.session", "pk": "0lksbwp9migs3j7a3yyp5hm1y4zcjfpt", "fields": {"session_data": "ZTZlMzAwMWZhNWQwYmJjMGFjZWZmOTI3ZmM3ODI1YzBmMTg5NjUwMzp7ImFsbGF1dGhfZmFjZWJvb2tfbm9uY2UiOiJnTFBrcG1ES1Q2emhudW9HWTh4bW9DcDFVTkhjaHlSUSJ9", "expire_date": "2019-04-16T12:48:56.441Z"}}, {"model": "sessions.session", "pk": "29eht3kdfr8dqaz6q7xgasc1ftra3sw4", "fields": {"session_data": "N2I5OWM2ZDRkMzk2ZmJmZDQ1NzFkZjI4MTE5Nzk0MTU3OGE1MmE2Yjp7ImFsbGF1dGhfZmFjZWJvb2tfbm9uY2UiOiJVOTRWcEE4dDQ3eGdZSklMcHM3SVNxazBMdDRTRnpWeSIsImFjY291bnRfdmVyaWZpZWRfZW1haWwiOm51bGwsImFjY291bnRfdXNlciI6IjYiLCJfYXV0aF91c2VyX2lkIjoiNiIsIl9hdXRoX3VzZXJfYmFja2VuZCI6ImFsbGF1dGguYWNjb3VudC5hdXRoX2JhY2tlbmRzLkF1dGhlbnRpY2F0aW9uQmFja2VuZCIsIl9hdXRoX3VzZXJfaGFzaCI6ImQ2NjgwZWM0MzA4YzhkNGM5MDk4MzI5ZTgxNGQwM2UxNGNkYzE4ZDMifQ==", "expire_date": "2018-12-20T14:14:41.201Z"}}, {"model": "sessions.session", "pk": "2f85iv0az83h5p9dv8th2oru4dgvmtdc", "fields": {"session_data": "MTE0MzkwMWVjN2FlM2QyNWJmNzJjOTcyYTEyYTdlZWY4ZTNkYjIzMzp7ImFsbGF1dGhfZmFjZWJvb2tfbm9uY2UiOiJZZGU3T080b0s2dEhDZHM1bUNsdFlsZWxrbU1MaTJqTyIsImludHJvZG9uZSI6dHJ1ZSwiX2F1dGhfdXNlcl9pZCI6IjEiLCJfYXV0aF91c2VyX2JhY2tlbmQiOiJkamFuZ28uY29udHJpYi5hdXRoLmJhY2tlbmRzLk1vZGVsQmFja2VuZCIsIl9hdXRoX3VzZXJfaGFzaCI6ImE1MTE4ZThlZWM1MGRjMTAwNTdjZGNiNjljMDBjNjIyMjFhZmNhYzciLCJfc2Vzc2lvbl9leHBpcnkiOjB9", "expire_date": "2019-01-03T17:18:38.676Z"}}, {"model": "sessions.session", "pk": "2ncajk4095lqmvq3wxjdlqgwypdct33a", "fields": {"session_data": "MDcyNmI2OTgxZDhiMWMzMjgyY2E3Y2RlYTVhN2E2YTQ0ZGUxZTc5NTp7InNvY2lhbGFjY291bnRfc3RhdGUiOlt7InByb2Nlc3MiOiJsb2dpbiIsInNjb3BlIjoiIiwiYXV0aF9wYXJhbXMiOiIifSwiZFF6cklaQ1RYaE9hIl19", "expire_date": "2018-12-20T11:45:54.338Z"}}, {"model": "sessions.session", "pk": "488m0gi2ifrmfl0clta3l3i91ej7352g", "fields": {"session_data": "Mjc5ZjIyZjY2MjUyYmVjOTg5M2U3ZjI5ZTc3ODcyZTk0ZTkzNGRhOTp7ImFsbGF1dGhfZmFjZWJvb2tfbm9uY2UiOiJZT280clJSN0VkUkRCb09vb1BWeHBPWTQydUZPd2lnaCIsImludHJvZG9uZSI6dHJ1ZSwiYWNjb3VudF92ZXJpZmllZF9lbWFpbCI6bnVsbH0=", "expire_date": "2019-01-03T16:52:10.095Z"}}, {"model": "sessions.session", "pk": "4ugx00fv1eaac88p10r9fk9x5yvxt3t1", "fields": {"session_data": "YjcyODFjZDVjYThkZGE4YTRlYWY0NGVlNGNhMzgyZmQyNTVkNTdhNjp7ImFsbGF1dGhfZmFjZWJvb2tfbm9uY2UiOiJMZHhrOXMwbVVkSjBFckk4ZXlnYTVBWnpFbDB5Q1VuZyIsIl9hdXRoX3VzZXJfaWQiOiI0NiIsIl9hdXRoX3VzZXJfYmFja2VuZCI6ImRqYW5nby5jb250cmliLmF1dGguYmFja2VuZHMuTW9kZWxCYWNrZW5kIiwiX2F1dGhfdXNlcl9oYXNoIjoiMTg5ZTAyY2NjMTU5NmYzNjUxNTk2NmI2MDNjNjM0N2I0NzE3OTViMSIsIl9zZXNzaW9uX2V4cGlyeSI6MCwiaW50cm9kb25lIjp0cnVlLCJxdWl6YXZhaWwiOnRydWUsInF1ZXN0aW9uYWlyZSI6MTM1LCJwbG90cyI6WzY5LDcwLDcxLDcyLDczLDc0LDc1LDc2LDc3LDc4XSwiYW5zd2VycyI6W10sInRpbWUiOltdLCJjb3VudCI6MH0=", "expire_date": "2019-03-27T07:45:07.505Z"}}, {"model": "sessions.session", "pk": "63afz0wqew1ljk0u29yebx1d5gawzxts", "fields": {"session_data": "M2E0YWIzOTU5ZmU1NWUxYzNmODJmYTc1MjVhOTI3ZDNhZGNiY2QyMzp7ImFsbGF1dGhfZmFjZWJvb2tfbm9uY2UiOiJvU0xramtNeHVZSlYyU1RXTnl4QmRsekNrNkxwc29ybSJ9", "expire_date": "2019-01-01T12:08:47.364Z"}}, {"model": "sessions.session", "pk": "6cpbz7dz8d8bde3mmeiaofd6f38y213t", "fields": {"session_data": "NTJkMDFiN2FiYzYwY2NlOTljMTlkNTY5MTJmMTcxNzlhNDU0MTM1Mjp7ImFsbGF1dGhfZmFjZWJvb2tfbm9uY2UiOiJDWTZ5Y3ZiN2NtN3pmMjJVcW5yNjFqYTA2Q2FhbXdZcCIsIl9zZXNzaW9uX2V4cGlyeSI6MCwiX2F1dGhfdXNlcl9pZCI6IjQ0IiwiX2F1dGhfdXNlcl9iYWNrZW5kIjoiZGphbmdvLmNvbnRyaWIuYXV0aC5iYWNrZW5kcy5Nb2RlbEJhY2tlbmQiLCJfYXV0aF91c2VyX2hhc2giOiI0NDFhODZmMmQyYTE2MDI5NWI3ZTI3YWU0OTFiNjdlM2I5NGI0Mjk1IiwiaW50cm9kb25lIjp0cnVlLCJxdWl6YXZhaWwiOnRydWUsInF1ZXN0aW9uYWlyZSI6MTMyLCJwbG90cyI6WzQ0LDQ1XSwiYW5zd2VycyI6WyI4NCIsIjg2Il0sInRpbWUiOlswLjA0MTk5OTk5OTk5OTk5OTk5NiwwLjAzN10sImNvdW50IjoyfQ==", "expire_date": "2019-03-04T14:04:20.018Z"}}, {"model": "sessions.session", "pk": "6omblkvrwb34deutuxnqfe26hijtsrrl", "fields": {"session_data": "MDQyYTgzNjc1NGRiNjUzYWRjYjJkOTA5MmMxMTBmMTI2MjQ5OWU0Zjp7ImFsbGF1dGhfZmFjZWJvb2tfbm9uY2UiOiJaQWtBcHVaaXpSR0NQYkxhckFNUGZBbEhMUjdvaGtONCIsImludHJvZG9uZSI6dHJ1ZX0=", "expire_date": "2019-03-13T05:20:06.502Z"}}, {"model": "sessions.session", "pk": "6pgewoc0qhwb0vmh70nbaz3s3u1a8ky7", "fields": {"session_data": "NTI1YTU0MzFkZDMzYzUxNmU0NzM0NmRhZjkzNTcwODU5OGMxMjQzZjp7ImludHJvZG9uZSI6dHJ1ZSwiYWxsYXV0aF9mYWNlYm9va19ub25jZSI6IjBVNENRdll6SXhuNU9IZnRvNkpxYW9hMW9oMlJwdnNvIn0=", "expire_date": "2019-03-13T05:23:39.604Z"}}, {"model": "sessions.session", "pk": "afh4wsq7n0rapxsks134gpi0ukvlx3nz", "fields": {"session_data": "M2Y0OGNhMGUwZDkyMjQ4ZTI0ZGMzZGE3NzUxNjk5YWU3OTMxMDNjMTp7ImFsbGF1dGhfZmFjZWJvb2tfbm9uY2UiOiJ4Mld5Y2o3VnNFdWNtank4R0tuMzRZVmcwaHhlZm90MiJ9", "expire_date": "2019-03-13T05:14:23.679Z"}}, {"model": "sessions.session", "pk": "batodb5uq8xycvtuvies4a1wl5nn3dda", "fields": {"session_data": "YmI3YTNkY2U4NWI5MGQ4OGUzOTQ3NTA3MjlmZTNlZTU4Zjc0Y2ZmNTp7ImFsbGF1dGhfZmFjZWJvb2tfbm9uY2UiOiJXTGpIM3A1aEl2YVZPc1FjWVB3NmxZbTFrbHZXd2t2SCIsImludHJvZG9uZSI6dHJ1ZSwiYWNjb3VudF92ZXJpZmllZF9lbWFpbCI6bnVsbH0=", "expire_date": "2019-01-03T16:58:11.672Z"}}, {"model": "sessions.session", "pk": "bduh673wutvi5tp04xt33e674mdkxyyk", "fields": {"session_data": "NzgzODExOTZmOTYyNGJmMjgxZGI0NjhiOWE5NmY4MGZhODBjM2RkMDp7ImFsbGF1dGhfZmFjZWJvb2tfbm9uY2UiOiJhNFVQWTNPckxEOGVhOFYxR0kybE5uYlQzTUxkajFzZiIsIl9hdXRoX3VzZXJfaWQiOiIxIiwiX2F1dGhfdXNlcl9iYWNrZW5kIjoiZGphbmdvLmNvbnRyaWIuYXV0aC5iYWNrZW5kcy5Nb2RlbEJhY2tlbmQiLCJfYXV0aF91c2VyX2hhc2giOiIzN2NjNzY5YzcxMTEzYTFkYjVkMDYyMGZjNTg0MWUwZGYzMDc3MzBiIn0=", "expire_date": "2019-02-07T18:06:31.984Z"}}, {"model": "sessions.session", "pk": "dqu32uy9jk96ke5ep0ti7v49waf2jdfi", "fields": {"session_data": "Yzk4Mzc1ZjIzYWJmY2VhYmM1NjQ0M2JhZjAwYTZhOTEyOTU0ZmY1Zjp7ImFsbGF1dGhfZmFjZWJvb2tfbm9uY2UiOiJhbExXNm5LQUh2UW5aUGZiSlBMSm1GN1pHeTNTU3cycCIsIl9hdXRoX3VzZXJfaWQiOiIxIiwiX2F1dGhfdXNlcl9iYWNrZW5kIjoiZGphbmdvLmNvbnRyaWIuYXV0aC5iYWNrZW5kcy5Nb2RlbEJhY2tlbmQiLCJfYXV0aF91c2VyX2hhc2giOiIzN2NjNzY5YzcxMTEzYTFkYjVkMDYyMGZjNTg0MWUwZGYzMDc3MzBiIiwiX3Nlc3Npb25fZXhwaXJ5IjowfQ==", "expire_date": "2019-02-12T08:43:40.072Z"}}, {"model": "sessions.session", "pk": "ea0397axa75nuelqypfr7sfkpf5psmr6", "fields": {"session_data": "MjVhYjUyMmE3ZTljZDJlZmYwNDg4OWM2MGMyY2NkZTY3MWYzYjdhNTp7ImFsbGF1dGhfZmFjZWJvb2tfbm9uY2UiOiJ1OXlKRUFwWndtaVpLbU9kUndyWUVkNThvUnVodHB0biJ9", "expire_date": "2019-04-21T14:23:16.029Z"}}, {"model": "sessions.session", "pk": "enq8f49bjh4kl0iwdplt397e04qxz9k9", "fields": {"session_data": "Y2IzYTg5MjliMmE2YTVmODNhMzU2MzJmMDFiMjZiM2NjY2VjOWUyZjp7ImFsbGF1dGhfZmFjZWJvb2tfbm9uY2UiOiJnOThnZHdCbDlJcnNFQWw4bnl6WXNmMGdZTU5na1UxeiIsIl9zZXNzaW9uX2V4cGlyeSI6MCwiX2F1dGhfdXNlcl9pZCI6IjEiLCJfYXV0aF91c2VyX2JhY2tlbmQiOiJkamFuZ28uY29udHJpYi5hdXRoLmJhY2tlbmRzLk1vZGVsQmFja2VuZCIsIl9hdXRoX3VzZXJfaGFzaCI6ImE1MTE4ZThlZWM1MGRjMTAwNTdjZGNiNjljMDBjNjIyMjFhZmNhYzcifQ==", "expire_date": "2019-01-02T18:12:09.722Z"}}, {"model": "sessions.session", "pk": "fq63sr0jts3uzlkincuv0yks0ise2gaj", "fields": {"session_data": "NDlkOWJiYTMzYzgxNDhiOGU1N2FkY2M3MGY0MGY5M2RhNmE3NTIxOTp7ImFsbGF1dGhfZmFjZWJvb2tfbm9uY2UiOiJzajJWRGpXQ2pGVnlaMDdoUTlUdjlhV3pvcUZQdUp1TCIsInBvc3QiOnsiY3NyZm1pZGRsZXdhcmV0b2tlbiI6ImttankwRDdkQlhSeXRHbE9YYnZRd0x3TXh4QmVQdWJBWFlYNUVEVGV2YzJoTXNJVXBJMHI1N1p5Z1NiRWtLSU4iLCJhZ2Vncm91cCI6IjIiLCJmaXJzdG5hbWUiOiJNaWNrZXkiLCJsYXN0bmFtZSI6Ik1vdXNlIn0sIl9hdXRoX3VzZXJfaWQiOiIxMCIsIl9hdXRoX3VzZXJfYmFja2VuZCI6ImFsbGF1dGguYWNjb3VudC5hdXRoX2JhY2tlbmRzLkF1dGhlbnRpY2F0aW9uQmFja2VuZCIsIl9hdXRoX3VzZXJfaGFzaCI6ImNhZDIxODkwZWRhMTA1NzQ4NDQ4MDViMTE5NzhmNjJkMWYxMzJhMjcifQ==", "expire_date": "2018-12-22T09:57:08.395Z"}}, {"model": "sessions.session", "pk": "gavtc2ozc9tcerjdvc7f8dxlci8qio5h", "fields": {"session_data": "MzcxYTU3NWI1ODVkMWViN2QzZmYyY2FmNmZiNjJkODVmMThhODEzMTp7ImFsbGF1dGhfZmFjZWJvb2tfbm9uY2UiOiIzSkg0WThrYjR0ZlBKNlozUW13Y3ZKU1pJdjVsOHB5VCIsImludHJvZG9uZSI6dHJ1ZX0=", "expire_date": "2019-01-04T10:20:24.291Z"}}, {"model": "sessions.session", "pk": "h748r3ca7gly9lk3kqhqs2vjz4eideez", "fields": {"session_data": "MzA3NGE3ZTJmZjIyZjAwNDkzN2FlNjA0YWU3YzJhNTcwMjk1OTQ4Zjp7Il9hdXRoX3VzZXJfaWQiOiI0OSIsIl9hdXRoX3VzZXJfYmFja2VuZCI6ImRqYW5nby5jb250cmliLmF1dGguYmFja2VuZHMuTW9kZWxCYWNrZW5kIiwiX2F1dGhfdXNlcl9oYXNoIjoiMmQwODRlY2EzOTE4NzY5NDQ1MmE2NThjZDZiODk2ZDRiNWU2Yzg0MiJ9", "expire_date": "2019-04-22T17:23:11.931Z"}}, {"model": "sessions.session", "pk": "hv05ernnxmgbj6y6rpzq8sgii1axlmxf", "fields": {"session_data": "ZmVlY2VkN2JmODE2OTYwZmJhZDI2NTdkYmEzNDQ3ZDdlZDUxMjQ0Yzp7ImFsbGF1dGhfZmFjZWJvb2tfbm9uY2UiOiJXc1k2TkxiMEZiSzh6Q2hwV1JrME1rNWVSM3NVMDZRSSIsInNvY2lhbGFjY291bnRfc3RhdGUiOlt7InByb2Nlc3MiOiJsb2dpbiIsInNjb3BlIjoiIiwiYXV0aF9wYXJhbXMiOiIifSwia2NJZ0Q4bHNUZ3JhIl19", "expire_date": "2018-12-20T15:02:10.452Z"}}, {"model": "sessions.session", "pk": "i73myzu60l8k4xkn5kwb7yi30e4citli", "fields": {"session_data": "MDU0Mjg5MWU2Zjk2NzIzZDk4NTU5N2IwYzdhNGIwMTU4MzljOTcyZTp7ImFsbGF1dGhfZmFjZWJvb2tfbm9uY2UiOiJxVE55TXVjdzRWWXRMRFhMbTNCczRYeTg5Smh5cEphcSIsImludHJvZG9uZSI6dHJ1ZSwiX2F1dGhfdXNlcl9pZCI6IjEiLCJfYXV0aF91c2VyX2JhY2tlbmQiOiJkamFuZ28uY29udHJpYi5hdXRoLmJhY2tlbmRzLk1vZGVsQmFja2VuZCIsIl9hdXRoX3VzZXJfaGFzaCI6IjM3Y2M3NjljNzExMTNhMWRiNWQwNjIwZmM1ODQxZTBkZjMwNzczMGIiLCJfc2Vzc2lvbl9leHBpcnkiOjB9", "expire_date": "2019-03-03T18:56:08.931Z"}}, {"model": "sessions.session", "pk": "jkwegz1ubbwlb9kida6j99u4adh2azac", "fields": {"session_data": "NWFiN2ZiNDMyM2M0NzZmNTRmMzA4OTBhNTA4MGI4ZGFjNGU3Y2ZmYjp7ImFsbGF1dGhfZmFjZWJvb2tfbm9uY2UiOiJLbUFwdlZpbjZTbEFwQUZLeVBjVmhibFNRT1NyU1lReSIsImFjY291bnRfdmVyaWZpZWRfZW1haWwiOm51bGwsIl9hdXRoX3VzZXJfaWQiOiIzOCIsIl9hdXRoX3VzZXJfYmFja2VuZCI6ImFsbGF1dGguYWNjb3VudC5hdXRoX2JhY2tlbmRzLkF1dGhlbnRpY2F0aW9uQmFja2VuZCIsIl9hdXRoX3VzZXJfaGFzaCI6IjVhZGE2YTZhYzdjYzE0Y2QzMmI5MWRhYmNkMjllNjU4MWNhNDM5ZGEiLCJpbnRyb2RvbmUiOnRydWV9", "expire_date": "2019-03-04T10:43:42.098Z"}}, {"model": "sessions.session", "pk": "l5bv9l3xgvb8dho0xa1eqc0ki85pz54c", "fields": {"session_data": "MTFmNTYzZjY4NGY4MWE4Mjc5ZDcyZGY5MGE1Yzk3NjFkYTY5YWE2Yzp7ImFsbGF1dGhfZmFjZWJvb2tfbm9uY2UiOiJpS0tJazh4NzZiR1B1MkNLdDJjZTZqSnFOSjBmdWNMSCJ9", "expire_date": "2018-12-31T04:55:22.519Z"}}, {"model": "sessions.session", "pk": "mx87cs6wwmo0cwr1u1u8h5yosgtno3zn", "fields": {"session_data": "NGRhOTNkNjc0Yjc5MDU2NWI1MDllNDY0ZWUwMzI5MzFkZDM5OGZiZDp7ImFsbGF1dGhfZmFjZWJvb2tfbm9uY2UiOiJIVGtISnUxTHZCUWJyVVNWYmhnMlFaSE1sa3pFRmdTSyIsImFjY291bnRfdmVyaWZpZWRfZW1haWwiOm51bGwsIl9hdXRoX3VzZXJfaWQiOiI1MiIsIl9hdXRoX3VzZXJfYmFja2VuZCI6ImFsbGF1dGguYWNjb3VudC5hdXRoX2JhY2tlbmRzLkF1dGhlbnRpY2F0aW9uQmFja2VuZCIsIl9hdXRoX3VzZXJfaGFzaCI6IjhiYjU1NGNhNThjNjgwNWMxOTY0NDA1NmY1ZTJlNzMxZjc1YTE2MmEifQ==", "expire_date": "2019-04-16T13:30:30.472Z"}}, {"model": "sessions.session", "pk": "nlbx3epb24kewco4zy2ecv0olsre0utt", "fields": {"session_data": "NmI3ZmQxYWRiZGU1NzMxYmY1ZjU4MjJhYTJmMDkwMjdhOWNhZDA1Mzp7ImFsbGF1dGhfZmFjZWJvb2tfbm9uY2UiOiJhNkd0dHlSNTZzcUFRUGJRc1dvTUNuN001UVJYVTk5NSJ9", "expire_date": "2019-04-21T19:43:36.414Z"}}, {"model": "sessions.session", "pk": "oh9hr61b3u6q0x766y45itibnvxyot97", "fields": {"session_data": "ODM0ZWUwNDQ1MjEzNmQzNDFlYTRkNzgzZTMyYzUxMzA1YzZjMWJjMTp7ImFsbGF1dGhfZmFjZWJvb2tfbm9uY2UiOiJoZk5MVW5aQ0czbkJ5STdNT3hiRzBydFZHQzhPdHdEUiIsImludHJvZG9uZSI6dHJ1ZSwiYWNjb3VudF92ZXJpZmllZF9lbWFpbCI6bnVsbCwiX2F1dGhfdXNlcl9pZCI6IjM2IiwiX2F1dGhfdXNlcl9iYWNrZW5kIjoiYWxsYXV0aC5hY2NvdW50LmF1dGhfYmFja2VuZHMuQXV0aGVudGljYXRpb25CYWNrZW5kIiwiX2F1dGhfdXNlcl9oYXNoIjoiZTJhMTZiODk0ZWQ0ZTljMzAyMTUxNDI0NjY4ZmM2YjM0NmY4OTFkMCIsInF1ZXN0aW9uYWlyZSI6MTAzLCJwbG90cyI6WzE2LDE3LDI4LDI5LDMwLDMxLDMyLDMzLDM0LDM1LDM2LDM3XSwiYW5zd2VycyI6W10sInRpbWUiOltdLCJjb3VudCI6MH0=", "expire_date": "2019-01-22T12:40:23.418Z"}}, {"model": "sessions.session", "pk": "p5b9e823vtox0wdz1ia62tzqb4otzrm7", "fields": {"session_data": "N2FiNTFhMTZhZmFlMmIzYmU0ZjFjZDhlMjFlMWE3MTgyOGU2ZTMxZjp7ImFsbGF1dGhfZmFjZWJvb2tfbm9uY2UiOiJKendCdzhGZ2R2ODhIZ09BMEhDY3IzV2NXSllSVkh2SiIsIl9hdXRoX3VzZXJfaWQiOiI0OSIsIl9hdXRoX3VzZXJfYmFja2VuZCI6ImRqYW5nby5jb250cmliLmF1dGguYmFja2VuZHMuTW9kZWxCYWNrZW5kIiwiX2F1dGhfdXNlcl9oYXNoIjoiMmQwODRlY2EzOTE4NzY5NDQ1MmE2NThjZDZiODk2ZDRiNWU2Yzg0MiIsImludHJvZG9uZSI6dHJ1ZSwicXVpemF2YWlsIjp0cnVlLCJxdWVzdGlvbmFpcmUiOjEzNiwicGxvdHMiOls2OSw3MCw3MSw3Miw3Myw3NCw3NSw3Niw3Nyw3OF0sImFuc3dlcnMiOlsiMTgyIiwiMTg1IiwiMTkyIiwiMTkzIiwiMTk5IiwiMjAyIiwiMjA2IiwiMjExIiwiMjE0IiwiMjE5Il0sInRpbWUiOlswLjE0MzAwMDAwMDAwMDAwMDAyLDAuMjI5LDAuMTI3LDAuMTcxLDAuMTQ4LDAuMjMyOTk5OTk5OTk5OTk5OTgsMC4wNzEwMDAwMDAwMDAwMDAwMSwwLjE1MiwwLjE1NiwwLjA0OF0sImNvdW50IjoxMH0=", "expire_date": "2019-04-21T07:50:59.073Z"}}, {"model": "sessions.session", "pk": "pz3rtcfu9uzhp587rxkw6e35mygb1tig", "fields": {"session_data": "MGRkZGZhOTc3MTk4MzJmNWI0OTZlNDdiOTA3ZTg3NDkxYTc1YTdlNTp7ImFsbGF1dGhfZmFjZWJvb2tfbm9uY2UiOiJtQmdLakhUSnBRbmhCb3F5SVZGVlhRMnFoV21IM2QwUiJ9", "expire_date": "2019-03-27T07:42:50.958Z"}}, {"model": "sessions.session", "pk": "r8fo2sa8vsz9ivt8snqjpe8xvs0gy89d", "fields": {"session_data": "OWI4N2QwYzg0NDc3ZjA4YjhlZmQ4NmU5MjNlMDY4MDFmMmIyYzk4Nzp7ImFsbGF1dGhfZmFjZWJvb2tfbm9uY2UiOiI1Q0tBM1QwQkJOZU10d29hRExpVWVrejJyYUFnY2FtUyIsIl9hdXRoX3VzZXJfaWQiOiIxIiwiX2F1dGhfdXNlcl9iYWNrZW5kIjoiZGphbmdvLmNvbnRyaWIuYXV0aC5iYWNrZW5kcy5Nb2RlbEJhY2tlbmQiLCJfYXV0aF91c2VyX2hhc2giOiJhNTExOGU4ZWVjNTBkYzEwMDU3Y2RjYjY5YzAwYzYyMjIxYWZjYWM3IiwiX3Nlc3Npb25fZXhwaXJ5IjowLCJpbnRyb2RvbmUiOnRydWUsInF1ZXN0aW9uYWlyZSI6OTQsInBsb3RzIjpbMTIsMTNdLCJhbnN3ZXJzIjpbXSwidGltZSI6W10sImNvdW50IjowfQ==", "expire_date": "2019-01-04T10:58:19.628Z"}}, {"model": "sessions.session", "pk": "skvwzwfemr61ofms2upni3m3c3kny4sj", "fields": {"session_data": "OGI0NDQ0MmMzM2VmYWVkMzc1YTQ3ZDhmZDBjYzU5NDI0NzlmYzE2MDp7ImFsbGF1dGhfZmFjZWJvb2tfbm9uY2UiOiI4MmQwWm9aSEs1QW0xd29QNVFjVm1PcVRCZVNVUlAzaiJ9", "expire_date": "2018-12-20T12:06:42.849Z"}}, {"model": "sessions.session", "pk": "vmnazguuvgxymf0nd03ul8ui4lctnofs", "fields": {"session_data": "ZWMwY2I3ZTRjZTkzZWIwOTliMDY3NWE1MTk3ODM0ODQ1ZjVjZGZlMjp7ImFsbGF1dGhfZmFjZWJvb2tfbm9uY2UiOiJPNFNwb3QxVUkyaEk4bE9YV1p6ZTBISDdYc1FrQ1M5QiJ9", "expire_date": "2019-03-04T13:41:26.761Z"}}, {"model": "sessions.session", "pk": "w1cti7cvd9nipylnuebdf3fjeqd451eq", "fields": {"session_data": "NDU0MDg1NDc2Mzk0MmNhNjU5ODJhOTc1OGUxNzE5YzExZWYzODYxYTp7ImFsbGF1dGhfZmFjZWJvb2tfbm9uY2UiOiJtMDBNN0VmVEdOMmpoWDlzSUpOMHVOTXFpTDlzaFJuUiIsImFjY291bnRfdmVyaWZpZWRfZW1haWwiOm51bGwsImFjY291bnRfdXNlciI6ImIiLCJfYXV0aF91c2VyX2lkIjoiMTEiLCJfYXV0aF91c2VyX2JhY2tlbmQiOiJhbGxhdXRoLmFjY291bnQuYXV0aF9iYWNrZW5kcy5BdXRoZW50aWNhdGlvbkJhY2tlbmQiLCJfYXV0aF91c2VyX2hhc2giOiI2NTg0NzY1ZDFlZTBkMzY3ZDljZTE0ZDBhNDBmMzQ5NjY0MTM3OGZiIiwicXVlc3Rpb25haXJlIjoxMSwicGxvdHMiOls1LDYsN10sImNvdW50IjozfQ==", "expire_date": "2018-12-26T17:29:41.390Z"}}, {"model": "sessions.session", "pk": "wiwx9paqxuuq54u5tgfb8hwsudanhbdi", "fields": {"session_data": "OGZjYWY4OWE5MmQ1YzY4NDgyZmNjYmQ4YjVlNDFhMzcyZjZlNjNjYjp7ImFsbGF1dGhfZmFjZWJvb2tfbm9uY2UiOiJBQ3Z3RmVja3VNdlZSazdNckNvdW9nQjJGcXB0U2lkNyIsInNvY2lhbGFjY291bnRfc3RhdGUiOlt7InByb2Nlc3MiOiJsb2dpbiIsInNjb3BlIjoiIiwiYXV0aF9wYXJhbXMiOiIifSwiaGlWRDRaNjJnN0g0Il19", "expire_date": "2019-01-01T06:21:19.692Z"}}, {"model": "sessions.session", "pk": "xbap43ex1u7r02u714s8g7alxe1raliv", "fields": {"session_data": "OGMxZTZhMzcxNzM2NDNhZjgwZmZmZjczNDRlNDEyZGU5ZWM5MGJmMTp7ImFsbGF1dGhfZmFjZWJvb2tfbm9uY2UiOiJMM0NpQmVBcnZhM0sydW9lOHNKRDdpOWY3OVNMYUtiZSJ9", "expire_date": "2019-03-04T13:25:50.361Z"}}, {"model": "sessions.session", "pk": "z4f6o7fttnktxw5166p3leszaan2tm7i", "fields": {"session_data": "MjljMWMwZGJjODk3OGI4MTMzZGQzNTdjYzk0YjNlMDZmMDgzNmY5NTp7ImFsbGF1dGhfZmFjZWJvb2tfbm9uY2UiOiJvYmRTTndMU1laS3ZaTWREMkF4ZmNrd25KdGFXSmY1ZiIsIl9hdXRoX3VzZXJfYmFja2VuZCI6ImRqYW5nby5jb250cmliLmF1dGguYmFja2VuZHMuTW9kZWxCYWNrZW5kIiwiX3Nlc3Npb25fZXhwaXJ5IjowLCJfYXV0aF91c2VyX2lkIjoiNDkiLCJfYXV0aF91c2VyX2hhc2giOiIyZDA4NGVjYTM5MTg3Njk0NDUyYTY1OGNkNmI4OTZkNGI1ZTZjODQyIn0=", "expire_date": "2019-04-16T15:14:41.814Z"}}, {"model": "sessions.session", "pk": "zp92gn1bihedyjr0g3pjjsb65vel6b1g", "fields": {"session_data": "MWJkZjc4MWU1OTEyOWJjYTZhYmRjMWM1Y2FlMDk4MzE3ZDk5OTU5Yjp7ImFsbGF1dGhfZmFjZWJvb2tfbm9uY2UiOiJURVB0OGJ4SXo0RGFKN2l2VkVES2RSaFBtV0hlS0VFOCJ9", "expire_date": "2019-04-21T14:22:11.484Z"}}, {"model": "quiz.plot", "pk": 44, "fields": {"plot": "Your grandfather visits you after many years for your birthday and asks you what gift would you like? You reply:", "category": [4]}}, {"model": "quiz.plot", "pk": 45, "fields": {"plot": "Your school announces that all students will have to wait an extra hour after school for a session by a prominent personality. You feel", "category": [4]}}, {"model": "quiz.plot", "pk": 46, "fields": {"plot": "The show time of your favourite cartoon show is changed to fall in your tuition timing. You can catch the repeat two days later though. You feel:", "category": [4]}}, {"model": "quiz.plot", "pk": 47, "fields": {"plot": "You need to skip playing with your friends to go visit your sick grandfather. Which of these most closely resemble your feelings:", "category": [4]}}, {"model": "quiz.plot", "pk": 48, "fields": {"plot": "You find a toy you have wanted for long lying on the ground and no one around.", "category": [4]}}, {"model": "quiz.plot", "pk": 49, "fields": {"plot": "You were replaced as the captain of your school\u2019s football team by a new transferstudent who has played on a National level.", "category": [4]}}, {"model": "quiz.plot", "pk": 50, "fields": {"plot": "Your younger sister is given a bigger chocolate than you", "category": [4]}}, {"model": "quiz.plot", "pk": 51, "fields": {"plot": "You are told to keep quiet by a stranger in a movie theatre during the movie. Which ofthe following is the closest to your response:", "category": [4]}}, {"model": "quiz.plot", "pk": 52, "fields": {"plot": "Your brother breaks something but puts the blame on you. Your parents scold youinstead of him", "category": [4]}}, {"model": "quiz.plot", "pk": 53, "fields": {"plot": "While playing football, a player\u2019s leg gets stuck in yours by mistake and you hurtyourself mildly", "category": [4]}}, {"model": "quiz.plot", "pk": 54, "fields": {"plot": "Your mother is going to prepare your favourite dish. How do you feel?", "category": [4]}}, {"model": "quiz.plot", "pk": 55, "fields": {"plot": "You and your brother had a fight. You receive a surprise gift in the name of your brotherto make up for the fight but find that its actually sent by your parents. What do you do?", "category": [4]}}, {"model": "quiz.plot", "pk": 56, "fields": {"plot": "You find a poor lady while walking back from your class. She doesn\u2019t ask you for anymoney but only asks for some food but you only have enough for yourself. What do you do?", "category": [4]}}, {"model": "quiz.plot", "pk": 57, "fields": {"plot": "Your parents check your notebooks everyday to see whether you have completed yourwork or not. How do you feel?", "category": [4]}}, {"model": "quiz.plot", "pk": 58, "fields": {"plot": "Your parents ask you which bedtime story do they tell you", "category": [4]}}, {"model": "quiz.plot", "pk": 59, "fields": {"plot": "Your mother has to go visit her friend\u2019s marriage. How do you feel?", "category": [4]}}, {"model": "quiz.plot", "pk": 60, "fields": {"plot": "Your father just gave you a choice between Playstation or Mini Basketball Court foryour birthday. Which one would you choose?", "category": [4]}}, {"model": "quiz.plot", "pk": 61, "fields": {"plot": "You are afraid of dogs. Your elder brother sees you being afraid from a domestic dogand takes you near it to show you that dogs are not scary. What is most likely to be yourreaction:", "category": [4]}}, {"model": "quiz.plot", "pk": 62, "fields": {"plot": "You are playing a match of FIFA with your elder sister. You have already lost 3consecutive matches and are on the verge of losing the fourth one. Which of thefollowing is closest to your feelings at this point:", "category": [4]}}, {"model": "quiz.plot", "pk": 63, "fields": {"plot": "You have gone to your cousin\u2019s house. You can either play a sport you like the most forhalf hour or you can play a sport he likes but you like a little less for one hour.", "category": [4]}}, {"model": "quiz.plot", "pk": 64, "fields": {"plot": "Your friends go to a party but you are not invited", "category": [4]}}, {"model": "quiz.plot", "pk": 65, "fields": {"plot": "Your friends are going to a movie but you cant because your grandfather plans to visityou after many years. He fails to do so because of some reason. How would you feel?", "category": [4]}}, {"model": "quiz.plot", "pk": 66, "fields": {"plot": "You go out to play badminton with your father but someone else is already playing there", "category": [4]}}, {"model": "quiz.plot", "pk": 67, "fields": {"plot": "Your mother made you great food for lunch while a classmate of yours got normal food.He would have left it but he has been told never to waste and so must eat it. What doyou do?", "category": [4]}}, {"model": "quiz.plot", "pk": 68, "fields": {"plot": "You see your parents scolding your elder sister for something she didn\u2019t do", "category": [4]}}, {"model": "quiz.plot", "pk": 69, "fields": {"plot": "Your friends tease you for your short height", "category": [5]}}, {"model": "quiz.plot", "pk": 70, "fields": {"plot": "Your elder sister catches you reading an adult novel", "category": [5]}}, {"model": "quiz.plot", "pk": 71, "fields": {"plot": "You ask your parents for your favourite toy on your birthday. Your father refuses as hecant afford to spend so much on a toy", "category": [5]}}, {"model": "quiz.plot", "pk": 72, "fields": {"plot": "Your parents give you whatever you ask for without thinking of saving money for futureneeds.", "category": [5]}}, {"model": "quiz.plot", "pk": 73, "fields": {"plot": "Your father goes to office before you wake up and comes back after you have slept", "category": [5]}}, {"model": "quiz.plot", "pk": 74, "fields": {"plot": "Your friends go to a party and you are not invited to it", "category": [5]}}, {"model": "quiz.plot", "pk": 75, "fields": {"plot": "You go to play volleyball but find most of the other players are bigger than your ageand stronger", "category": [5]}}, {"model": "quiz.plot", "pk": 76, "fields": {"plot": "You get a trophy from the members of your community for a small achievement", "category": [5]}}, {"model": "quiz.plot", "pk": 77, "fields": {"plot": "Your mother asks you to help her out with some household chores.", "category": [5]}}, {"model": "quiz.plot", "pk": 78, "fields": {"plot": "You are made to join a tuition after school because your grades are low.", "category": [5]}}, {"model": "quiz.plot", "pk": 79, "fields": {"plot": "Your mother tells you that she has a bad feeling about your newly formed friend andthat she doesn\u2019t like him.", "category": [5]}}, {"model": "quiz.plot", "pk": 80, "fields": {"plot": "You want to become a sportsperson but your parents want you to focus on yourstudies", "category": [5]}}, {"model": "quiz.plot", "pk": 81, "fields": {"plot": "You like a person of the opposite gender and propose to him/her. He/She refuses yourproposal.", "category": [5]}}, {"model": "quiz.plot", "pk": 82, "fields": {"plot": "You do not get a college you wanted to go to but a newly setup college", "category": [5]}}, {"model": "quiz.category", "pk": 4, "fields": {"name": "KID", "age": 1}}, {"model": "quiz.category", "pk": 5, "fields": {"name": "TEEN", "age": 2}}, {"model": "quiz.category", "pk": 6, "fields": {"name": "YOUNG", "age": 3}}, {"model": "quiz.category", "pk": 7, "fields": {"name": "ADULT", "age": 4}}, {"model": "quiz.choice", "pk": 81, "fields": {"question": 44, "choice": "Expensive Toy", "assessment": 4}}, {"model": "quiz.choice", "pk": 82, "fields": {"question": 44, "choice": "Chocolate", "assessment": 5}}, {"model": "quiz.choice", "pk": 83, "fields": {"question": 44, "choice": "Nothing", "assessment": 8}}, {"model": "quiz.choice", "pk": 84, "fields": {"question": 44, "choice": "For your grandfather to visit more", "assessment": 10}}, {"model": "quiz.choice", "pk": 85, "fields": {"question": 45, "choice": "Excited to get a chance to listen to someone great", "assessment": 9}}, {"model": "quiz.choice", "pk": 86, "fields": {"question": 45, "choice": "Happy to spend more time with friends", "assessment": 7}}, {"model": "quiz.choice", "pk": 87, "fields": {"question": 45, "choice": "Frustrated to have to wait another hour at school", "assessment": 4}}, {"model": "quiz.choice", "pk": 88, "fields": {"question": 45, "choice": "Sad because you wanted to reach home early and play computer games", "assessment": 5}}, {"model": "quiz.choice", "pk": 89, "fields": {"question": 46, "choice": "\u201cWhy do I have to go to the tuition\u201d", "assessment": 4}}, {"model": "quiz.choice", "pk": 90, "fields": {"question": 46, "choice": "\u201cHow does it matter when I watch it if I get to watch it\u201d", "assessment": 9}}, {"model": "quiz.choice", "pk": 91, "fields": {"question": 46, "choice": "\u201cWow, now I can watch my cartoons with leisure.\u201d", "assessment": 7}}, {"model": "quiz.choice", "pk": 92, "fields": {"question": 46, "choice": "\u201cIs watching the cartoon really necessary?\u201d", "assessment": 6}}, {"model": "quiz.choice", "pk": 93, "fields": {"question": 47, "choice": "\u201cWhy cant just my parents go to see him?\u201d", "assessment": 5}}, {"model": "quiz.choice", "pk": 94, "fields": {"question": 47, "choice": "\u201cI hope my grandfather\u2019s fine\u201d", "assessment": 7}}, {"model": "quiz.choice", "pk": 95, "fields": {"question": 47, "choice": "\u201cMy grandfather needs me. I can always play later\u201d", "assessment": 4}}, {"model": "quiz.choice", "pk": 96, "fields": {"question": 47, "choice": "\u201cI\u2019ll just act stubborn and make them leave me\u201d", "assessment": 10}}, {"model": "quiz.choice", "pk": 97, "fields": {"question": 48, "choice": "Pick up the toy and keep it.", "assessment": 4}}, {"model": "quiz.choice", "pk": 98, "fields": {"question": 48, "choice": "Leave the toy where it was.", "assessment": 7}}, {"model": "quiz.choice", "pk": 99, "fields": {"question": 48, "choice": "Pick up the toy, search for the owner nearby, if not found keep the toy", "assessment": 6}}, {"model": "quiz.choice", "pk": 100, "fields": {"question": 48, "choice": "Pick up the toy and give it to an authority", "assessment": 9}}, {"model": "quiz.choice", "pk": 101, "fields": {"question": 49, "choice": "\u201cThe coach must definitely have a good reason to choose him over me\u201d", "assessment": 8}}, {"model": "quiz.choice", "pk": 102, "fields": {"question": 49, "choice": "\u201cHe\u2019s just a newcomer. He doesn\u2019t know the team as well as I do\u201d", "assessment": 4}}, {"model": "quiz.choice", "pk": 103, "fields": {"question": 49, "choice": "\u201cI will show everyone that I am a better captain\u201d", "assessment": 6}}, {"model": "quiz.choice", "pk": 104, "fields": {"question": 49, "choice": "\u201cHis experience in the nationals can be a great asset in moving ourteam forward\u201d", "assessment": 10}}, {"model": "quiz.choice", "pk": 105, "fields": {"question": 50, "choice": "\u201cI am older than her, I should get the bigger chocolate\u201d", "assessment": 4}}, {"model": "quiz.choice", "pk": 106, "fields": {"question": 50, "choice": "\u201cEverybody loves younger people more. Its unfair\u201d", "assessment": 6}}, {"model": "quiz.choice", "pk": 107, "fields": {"question": 50, "choice": "\u201cShe does love chocolates more than me\u201d", "assessment": 8}}, {"model": "quiz.choice", "pk": 108, "fields": {"question": 50, "choice": "\u201cIts alright. Its just chocolate. Doesn\u2019t matter\u201d", "assessment": 9}}, {"model": "quiz.choice", "pk": 109, "fields": {"question": 51, "choice": "\u201cIts my fault for not being quiet. I will be more careful.\u201d", "assessment": 9}}, {"model": "quiz.choice", "pk": 110, "fields": {"question": 51, "choice": "\u201cIts so embarrassing especially in front of so many people\u201d", "assessment": 7}}, {"model": "quiz.choice", "pk": 111, "fields": {"question": 51, "choice": "\u201cThere are so many other people making noises. Stop everyone elsefirst\u201d", "assessment": 4}}, {"model": "quiz.choice", "pk": 112, "fields": {"question": 51, "choice": "Say nothing", "assessment": 5}}, {"model": "quiz.choice", "pk": 113, "fields": {"question": 52, "choice": "Be angry at your parents and not speak with them for a week", "assessment": 5}}, {"model": "quiz.choice", "pk": 114, "fields": {"question": 52, "choice": "Break something and blame your brother for it", "assessment": 4}}, {"model": "quiz.choice", "pk": 115, "fields": {"question": 52, "choice": "Forget it and move on", "assessment": 6}}, {"model": "quiz.choice", "pk": 116, "fields": {"question": 52, "choice": "Be happy that you were able to save your brother from being scolded", "assessment": 8}}, {"model": "quiz.choice", "pk": 117, "fields": {"question": 53, "choice": "Trip the player later in the game", "assessment": 4}}, {"model": "quiz.choice", "pk": 118, "fields": {"question": 53, "choice": "Complain to the coach", "assessment": 6}}, {"model": "quiz.choice", "pk": 119, "fields": {"question": 53, "choice": "Ask him to be careful next time", "assessment": 7}}, {"model": "quiz.choice", "pk": 120, "fields": {"question": 53, "choice": "Things like these happen all the time in sports", "assessment": 10}}, {"model": "quiz.choice", "pk": 121, "fields": {"question": 54, "choice": "Excited", "assessment": 7}}, {"model": "quiz.choice", "pk": 122, "fields": {"question": 54, "choice": "Grateful to your mother", "assessment": 8}}, {"model": "quiz.choice", "pk": 123, "fields": {"question": 54, "choice": "Indifferent", "assessment": 8}}, {"model": "quiz.choice", "pk": 124, "fields": {"question": 54, "choice": "Would rather prefer eating outside", "assessment": 4}}, {"model": "quiz.choice", "pk": 125, "fields": {"question": 55, "choice": "Pretend that you haven\u2019t figured out the truth and thank your brother", "assessment": 9}}, {"model": "quiz.choice", "pk": 126, "fields": {"question": 55, "choice": "Thank your parents but secretly tell your brother that you know the truth", "assessment": 4}}, {"model": "quiz.choice", "pk": 127, "fields": {"question": 55, "choice": "Tell your parents that a gift wasn\u2019t required", "assessment": 5}}, {"model": "quiz.choice", "pk": 128, "fields": {"question": 55, "choice": "Discuss the truth with your brother", "assessment": 6}}, {"model": "quiz.choice", "pk": 129, "fields": {"question": 56, "choice": "\u201cI don\u2019t know this person. Their life is none of my concern\u201d", "assessment": 4}}, {"model": "quiz.choice", "pk": 130, "fields": {"question": 56, "choice": "\u201cMother told me not to talk to strangers.\u201d", "assessment": 7}}, {"model": "quiz.choice", "pk": 131, "fields": {"question": 56, "choice": "\u201cI should help them. Though I can\u2019t because I have only have enoughfor me\u201d", "assessment": 7}}, {"model": "quiz.choice", "pk": 132, "fields": {"question": 56, "choice": "\u201cI can have good food every day, so I should give it even if I might nothave anything for myself\u201d", "assessment": 10}}, {"model": "quiz.choice", "pk": 133, "fields": {"question": 57, "choice": "Grateful for their care and concern", "assessment": 9}}, {"model": "quiz.choice", "pk": 134, "fields": {"question": 57, "choice": "Budged but happy for getting attention", "assessment": 5}}, {"model": "quiz.choice", "pk": 135, "fields": {"question": 57, "choice": "Indifferent", "assessment": 7}}, {"model": "quiz.choice", "pk": 136, "fields": {"question": 57, "choice": "Frustrated on high intrusion", "assessment": 4}}, {"model": "quiz.choice", "pk": 137, "fields": {"question": 58, "choice": "You would rather choose", "assessment": 7}}, {"model": "quiz.choice", "pk": 138, "fields": {"question": 58, "choice": "You would let the parents choose", "assessment": 8}}, {"model": "quiz.choice", "pk": 139, "fields": {"question": 58, "choice": "It doesn\u2019t matter", "assessment": 10}}, {"model": "quiz.choice", "pk": 140, "fields": {"question": 58, "choice": "I would rather not listen to the bedtime story in the first place", "assessment": 5}}, {"model": "quiz.choice", "pk": 141, "fields": {"question": 59, "choice": "\u201cI want my mom to stay with me\u201d", "assessment": 5}}, {"model": "quiz.choice", "pk": 142, "fields": {"question": 59, "choice": "\u201cIts just a friend\u2019s marriage. Why\u2019s that important\u201d", "assessment": 4}}, {"model": "quiz.choice", "pk": 143, "fields": {"question": 59, "choice": "\u201cShe might get me something to eat from the outside\u201d", "assessment": 6}}, {"model": "quiz.choice", "pk": 144, "fields": {"question": 59, "choice": "\u201cIt must be really important if she\u2019s leaving me and going there\u201d", "assessment": 5}}, {"model": "quiz.choice", "pk": 145, "fields": {"question": 60, "choice": "Playstation", "assessment": 7}}, {"model": "quiz.choice", "pk": 146, "fields": {"question": 60, "choice": "Mini Basketball Court", "assessment": 8}}, {"model": "quiz.choice", "pk": 147, "fields": {"question": 60, "choice": "Would rather take virtual currency in a mobile game", "assessment": 4}}, {"model": "quiz.choice", "pk": 148, "fields": {"question": 60, "choice": "Would rather take a new smartphone", "assessment": 6}}, {"model": "quiz.choice", "pk": 149, "fields": {"question": 61, "choice": "Resist going with him and cry on the ground", "assessment": 4}}, {"model": "quiz.choice", "pk": 150, "fields": {"question": 61, "choice": "Be willing to overcome your fear and go with him", "assessment": 9}}, {"model": "quiz.choice", "pk": 151, "fields": {"question": 61, "choice": "Watch him from afar and then go if nothing happens", "assessment": 8}}, {"model": "quiz.choice", "pk": 152, "fields": {"question": 61, "choice": "Be curious about your fear but not go with him", "assessment": 6}}, {"model": "quiz.choice", "pk": 153, "fields": {"question": 62, "choice": "\u201cLets play some other game after this\u201d", "assessment": 4}}, {"model": "quiz.choice", "pk": 154, "fields": {"question": 62, "choice": "\u201cI cant leave till I win a game\u201d", "assessment": 6}}, {"model": "quiz.choice", "pk": 155, "fields": {"question": 62, "choice": "\u201cMaybe there is something I can do in the next game to turn thisaround\u201d", "assessment": 8}}, {"model": "quiz.choice", "pk": 156, "fields": {"question": 62, "choice": "\u201cI should ask her what can I do to improve\u201d", "assessment": 10}}, {"model": "quiz.choice", "pk": 157, "fields": {"question": 63, "choice": "Play the sport you like for half hour", "assessment": 6}}, {"model": "quiz.choice", "pk": 158, "fields": {"question": 63, "choice": "Play the sport he likes", "assessment": 8}}, {"model": "quiz.choice", "pk": 159, "fields": {"question": 63, "choice": "Do not play either", "assessment": 4}}, {"model": "quiz.choice", "pk": 160, "fields": {"question": 63, "choice": "Try to figure out some other way", "assessment": 9}}, {"model": "quiz.choice", "pk": 161, "fields": {"question": 64, "choice": "\u201cNo one likes me\u201d", "assessment": 4}}, {"model": "quiz.choice", "pk": 162, "fields": {"question": 64, "choice": "\u201cIt must have been a party of someone who doesn\u2019t know me\u201d", "assessment": 8}}, {"model": "quiz.choice", "pk": 163, "fields": {"question": 64, "choice": "\u201cIts good that I got to spend more time with my family\u201d", "assessment": 7}}, {"model": "quiz.choice", "pk": 164, "fields": {"question": 64, "choice": "\u201cParties are for losers\u201d", "assessment": 4}}, {"model": "quiz.choice", "pk": 165, "fields": {"question": 65, "choice": "You would feel sad as you couldn\u2019t meet your grandfather", "assessment": 10}}, {"model": "quiz.choice", "pk": 166, "fields": {"question": 65, "choice": "You would feel happy that no guests are coming to your place", "assessment": 7}}, {"model": "quiz.choice", "pk": 167, "fields": {"question": 65, "choice": "You would feel sad as you would have gotten a great gift if he wouldhave come", "assessment": 4}}, {"model": "quiz.choice", "pk": 168, "fields": {"question": 65, "choice": "You would feel happy as you can now go with your friends", "assessment": 6}}, {"model": "quiz.choice", "pk": 169, "fields": {"question": 66, "choice": "Wait for turns and play badminton with them", "assessment": 9}}, {"model": "quiz.choice", "pk": 170, "fields": {"question": 66, "choice": "Play Table Tennis instead", "assessment": 8}}, {"model": "quiz.choice", "pk": 171, "fields": {"question": 66, "choice": "Not play anything", "assessment": 4}}, {"model": "quiz.choice", "pk": 172, "fields": {"question": 66, "choice": "Ask them to leave as they have been playing since before", "assessment": 5}}, {"model": "quiz.choice", "pk": 173, "fields": {"question": 67, "choice": "You share half your food with him but not eat his food", "assessment": 7}}, {"model": "quiz.choice", "pk": 174, "fields": {"question": 67, "choice": "You share half your food with him and have half of his food", "assessment": 9}}, {"model": "quiz.choice", "pk": 175, "fields": {"question": 67, "choice": "You don\u2019t share your food with him", "assessment": 4}}, {"model": "quiz.choice", "pk": 176, "fields": {"question": 67, "choice": "You give him a little bit of your food", "assessment": 6}}, {"model": "quiz.choice", "pk": 177, "fields": {"question": 68, "choice": "You trust the judgement of your parents and don\u2019t interfere", "assessment": 6}}, {"model": "quiz.choice", "pk": 178, "fields": {"question": 68, "choice": "You don\u2019t interfere because you don\u2019t want to risk being scolded as well", "assessment": 4}}, {"model": "quiz.choice", "pk": 179, "fields": {"question": 68, "choice": "You interfere because your sister is being scolded", "assessment": 8}}, {"model": "quiz.choice", "pk": 180, "fields": {"question": 68, "choice": "You interfere because you cant watch anyone being scolded for thewrong reason", "assessment": 10}}, {"model": "quiz.choice", "pk": 181, "fields": {"question": 69, "choice": "\u201cHeight doesn\u2019t make a person great\u201d", "assessment": 4}}, {"model": "quiz.choice", "pk": 182, "fields": {"question": 69, "choice": "\u201cI will show them by being great when I grow up\u201d", "assessment": 5}}, {"model": "quiz.choice", "pk": 183, "fields": {"question": 69, "choice": "\u201cOnly those who lack confidence in themselves tease others\u201d", "assessment": 8}}, {"model": "quiz.choice", "pk": 184, "fields": {"question": 69, "choice": "\u201cI must find something to tease them by\u201d", "assessment": 10}}, {"model": "quiz.choice", "pk": 185, "fields": {"question": 70, "choice": "\u201cIt doesn\u2019t matter. It is a natural stage in human life\u201d", "assessment": 10}}, {"model": "quiz.choice", "pk": 186, "fields": {"question": 70, "choice": "\u201cShe should respect my privacy\u201d", "assessment": 6}}, {"model": "quiz.choice", "pk": 187, "fields": {"question": 70, "choice": "\u201cIt is so embarrassing\u201d", "assessment": 8}}, {"model": "quiz.choice", "pk": 188, "fields": {"question": 70, "choice": "\u201cI want my own room where no one can enter\u201d", "assessment": 4}}, {"model": "quiz.choice", "pk": 189, "fields": {"question": 71, "choice": "\u201cMy father is such a miser\u201d", "assessment": 4}}, {"model": "quiz.choice", "pk": 190, "fields": {"question": 71, "choice": "He would have never refused if he could have afforded it. He musthave a serious reason for refusing", "assessment": 7}}, {"model": "quiz.choice", "pk": 191, "fields": {"question": 71, "choice": "\u201cIts just a toy. Its not more important than my family\u2019s needs\u201d", "assessment": 6}}, {"model": "quiz.choice", "pk": 192, "fields": {"question": 71, "choice": "\u201cHe might have been able to afford it if he spent less on thing he ormother like\u201d", "assessment": 10}}, {"model": "quiz.choice", "pk": 193, "fields": {"question": 72, "choice": "\u201cI get whatever I want, what could be better than that?\u201d", "assessment": 7}}, {"model": "quiz.choice", "pk": 194, "fields": {"question": 72, "choice": "\u201cI should control myself if that\u2019s the case\u201d", "assessment": 9}}, {"model": "quiz.choice", "pk": 195, "fields": {"question": 72, "choice": "\u201cThey should discipline their child more\u201d", "assessment": 5}}, {"model": "quiz.choice", "pk": 196, "fields": {"question": 72, "choice": "\u201cI am content with what I already have\u201d", "assessment": 4}}, {"model": "quiz.choice", "pk": 197, "fields": {"question": 73, "choice": "\u201cI wish he would spend more time with me.\u201d", "assessment": 4}}, {"model": "quiz.choice", "pk": 198, "fields": {"question": 73, "choice": "\u201cHe\u2019s busy with his work, I can be busy with mine\u201d", "assessment": 6}}, {"model": "quiz.choice", "pk": 199, "fields": {"question": 73, "choice": "\u201cMy father works so hard for the family\u201d", "assessment": 7}}, {"model": "quiz.choice", "pk": 200, "fields": {"question": 73, "choice": "\u201cHow can he ignore his own child like that?\u201d", "assessment": 9}}, {"model": "quiz.choice", "pk": 201, "fields": {"question": 74, "choice": "\u201cThey aren\u2019t my friends anymore\u201d", "assessment": 4}}, {"model": "quiz.choice", "pk": 202, "fields": {"question": 74, "choice": "\u201cIt must have been a party of someone I don\u2019t know\u201d", "assessment": 7}}, {"model": "quiz.choice", "pk": 203, "fields": {"question": 74, "choice": "\u201cI\u2019ll just ask them why tomorrow\u201d", "assessment": 9}}, {"model": "quiz.choice", "pk": 204, "fields": {"question": 74, "choice": "\u201cWhat\u2019s done is done. It is alright as long as I didn\u2019t waste my time.\u201d", "assessment": 6}}, {"model": "quiz.choice", "pk": 205, "fields": {"question": 75, "choice": "Do not play volleyball as you will most likely lose", "assessment": 6}}, {"model": "quiz.choice", "pk": 206, "fields": {"question": 75, "choice": "Do not play as it will be embarrassing to lose", "assessment": 4}}, {"model": "quiz.choice", "pk": 207, "fields": {"question": 75, "choice": "Play volleyball as it will be a great learning experience", "assessment": 8}}, {"model": "quiz.choice", "pk": 208, "fields": {"question": 75, "choice": "Play volleyball as it could still be fun", "assessment": 10}}, {"model": "quiz.choice", "pk": 209, "fields": {"question": 76, "choice": "\u201cI am happy but this is just the beginning. I need to keep working hardto achieve even greater\u201d", "assessment": 4}}, {"model": "quiz.choice", "pk": 210, "fields": {"question": 76, "choice": "\u201cSuch small achievements don\u2019t matter to me\u201d", "assessment": 4}}, {"model": "quiz.choice", "pk": 211, "fields": {"question": 76, "choice": "\u201cWho are the people of the community to give me an award?\u201d", "assessment": 7}}, {"model": "quiz.choice", "pk": 212, "fields": {"question": 76, "choice": "\u201cI am meant to achieve much greater things in life\u201d", "assessment": 9}}, {"model": "quiz.choice", "pk": 213, "fields": {"question": 77, "choice": "\u201cIt is not something that only my mother is supposed to do. It iseveryone\u2019s house after all\u201d", "assessment": 4}}, {"model": "quiz.choice", "pk": 214, "fields": {"question": 77, "choice": "\u201cMy mother must get tired doing so much. This is the least I can do tohelp\u201d", "assessment": 10}}, {"model": "quiz.choice", "pk": 215, "fields": {"question": 77, "choice": "\u201cAt the time I should be playing or studying, I am asked to do chores\u201d", "assessment": 8}}, {"model": "quiz.choice", "pk": 216, "fields": {"question": 77, "choice": "\u201cIt isn\u2019t my job to do household chores\u201d", "assessment": 6}}, {"model": "quiz.choice", "pk": 217, "fields": {"question": 78, "choice": "\u201cIt is not going to make my grades any better\u201d", "assessment": 4}}, {"model": "quiz.choice", "pk": 218, "fields": {"question": 78, "choice": "\u201cWhy do I have to spend so much time on studying after I come backfrom school\u201d", "assessment": 7}}, {"model": "quiz.choice", "pk": 219, "fields": {"question": 78, "choice": "\u201cI need to find a way to maintain my fun activities with tuitions\u201d", "assessment": 6}}, {"model": "quiz.choice", "pk": 220, "fields": {"question": 78, "choice": "\u201cGetting good grades is important\u201d", "assessment": 9}}, {"model": "quiz.choice", "pk": 221, "fields": {"question": 79, "choice": "\u201cShe has no right to comment about my friends\u201d", "assessment": 4}}, {"model": "quiz.choice", "pk": 222, "fields": {"question": 79, "choice": "\u201cShe must have a strong reason to think so\u201d", "assessment": 7}}, {"model": "quiz.choice", "pk": 223, "fields": {"question": 79, "choice": "\u201cShe would never want bad for me. So I should be careful\u201d", "assessment": 6}}, {"model": "quiz.choice", "pk": 224, "fields": {"question": 79, "choice": "\u201cI can manage and judge my own friends\u201d", "assessment": 9}}, {"model": "quiz.choice", "pk": 225, "fields": {"question": 80, "choice": "\u201cI am wasting precious time that I could improve my sports in\u201d", "assessment": 4}}, {"model": "quiz.choice", "pk": 226, "fields": {"question": 80, "choice": "\u201cMy parents are forcing their thought process and fears on me\u201d", "assessment": 9}}, {"model": "quiz.choice", "pk": 227, "fields": {"question": 80, "choice": "\u201cThere concerns might be valid. Good grades are the most importantthing\u201d", "assessment": 5}}, {"model": "quiz.choice", "pk": 228, "fields": {"question": 80, "choice": "\u201cIf I am sure of my decisions, then I can convince my parents tounderstand\u201d", "assessment": 7}}, {"model": "quiz.choice", "pk": 229, "fields": {"question": 81, "choice": "\u201cHow can he/she refuse me. It is his/her loss.\u201d", "assessment": 9}}, {"model": "quiz.choice", "pk": 230, "fields": {"question": 81, "choice": "\u201cI am so embarrassed. What will my friends think about me\u201d", "assessment": 7}}, {"model": "quiz.choice", "pk": 231, "fields": {"question": 81, "choice": "\u201cIt is his/her choice. My choice isn\u2019t necessarily everyone\u2019s choice\u201d", "assessment": 6}}, {"model": "quiz.choice", "pk": 232, "fields": {"question": 81, "choice": "\u201cThere are too many good things in my life to stop over one refusal\u201d", "assessment": 4}}, {"model": "quiz.choice", "pk": 233, "fields": {"question": 82, "choice": "\u201cA new college means I get a chance to be a part in shaping it\u201d", "assessment": 6}}, {"model": "quiz.choice", "pk": 234, "fields": {"question": 82, "choice": "\u201cI failed at what I wanted. I can make up for it by getting in a goodcollege for graduation\u201d", "assessment": 10}}, {"model": "quiz.choice", "pk": 235, "fields": {"question": 82, "choice": "\u201cLet\u2019s just somehow pass the college life\u201d", "assessment": 8}}, {"model": "quiz.choice", "pk": 236, "fields": {"question": 82, "choice": "\u201cNot getting the college of my choice does not mean I can\u2019t do the workof my choice\u201d", "assessment": 4}}, {"model": "quiz.responseoption", "pk": 95, "fields": {"choice": 82, "time": 0.05}}, {"model": "quiz.responseoption", "pk": 96, "fields": {"choice": 88, "time": 0.9840000000000001}}, {"model": "quiz.responseoption", "pk": 97, "fields": {"choice": 90, "time": 0.06999999999999999}}, {"model": "quiz.responseoption", "pk": 98, "fields": {"choice": 96, "time": 0.19699999999999998}}, {"model": "quiz.responseoption", "pk": 99, "fields": {"choice": 100, "time": 0.049}}, {"model": "quiz.responseoption", "pk": 100, "fields": {"choice": 103, "time": 0.064}}, {"model": "quiz.responseoption", "pk": 101, "fields": {"choice": 106, "time": 0.053}}, {"model": "quiz.responseoption", "pk": 102, "fields": {"choice": 111, "time": 0.060000000000000005}}, {"model": "quiz.responseoption", "pk": 103, "fields": {"choice": 114, "time": 0.09000000000000001}}, {"model": "quiz.responseoption", "pk": 104, "fields": {"choice": 120, "time": 0.047}}, {"model": "quiz.responseoption", "pk": 105, "fields": {"choice": 124, "time": 0.073}}, {"model": "quiz.responseoption", "pk": 106, "fields": {"choice": 126, "time": 0.054}}, {"model": "quiz.responseoption", "pk": 107, "fields": {"choice": 82, "time": 0.048}}, {"model": "quiz.responseoption", "pk": 108, "fields": {"choice": 86, "time": 0.083}}, {"model": "quiz.responseoption", "pk": 109, "fields": {"choice": 91, "time": 0.073}}, {"model": "quiz.responseoption", "pk": 110, "fields": {"choice": 94, "time": 0.056}}, {"model": "quiz.responseoption", "pk": 111, "fields": {"choice": 100, "time": 0.073}}, {"model": "quiz.responseoption", "pk": 112, "fields": {"choice": 104, "time": 0.056}}, {"model": "quiz.responseoption", "pk": 113, "fields": {"choice": 108, "time": 0.066}}, {"model": "quiz.responseoption", "pk": 114, "fields": {"choice": 111, "time": 0.093}}, {"model": "quiz.responseoption", "pk": 115, "fields": {"choice": 116, "time": 0.077}}, {"model": "quiz.responseoption", "pk": 116, "fields": {"choice": 120, "time": 0.060000000000000005}}, {"model": "quiz.responseoption", "pk": 117, "fields": {"choice": 124, "time": 0.06899999999999999}}, {"model": "quiz.responseoption", "pk": 118, "fields": {"choice": 128, "time": 0.05}}, {"model": "quiz.responseoption", "pk": 119, "fields": {"choice": 84, "time": 0.05}}, {"model": "quiz.responseoption", "pk": 120, "fields": {"choice": 86, "time": 0.085}}, {"model": "quiz.responseoption", "pk": 121, "fields": {"choice": 184, "time": 0.057}}, {"model": "quiz.responseoption", "pk": 122, "fields": {"choice": 186, "time": 0.049}}, {"model": "quiz.responseoption", "pk": 123, "fields": {"choice": 184, "time": 0.057}}, {"model": "quiz.responseoption", "pk": 124, "fields": {"choice": 186, "time": 0.049}}, {"model": "quiz.responseoption", "pk": 125, "fields": {"choice": 184, "time": 0.057}}, {"model": "quiz.responseoption", "pk": 126, "fields": {"choice": 186, "time": 0.049}}, {"model": "quiz.responseoption", "pk": 127, "fields": {"choice": 184, "time": 0.057}}, {"model": "quiz.responseoption", "pk": 128, "fields": {"choice": 186, "time": 0.049}}, {"model": "quiz.responseoption", "pk": 129, "fields": {"choice": 184, "time": 0.057}}, {"model": "quiz.responseoption", "pk": 130, "fields": {"choice": 186, "time": 0.049}}, {"model": "quiz.responseoption", "pk": 131, "fields": {"choice": 184, "time": 0.057}}, {"model": "quiz.responseoption", "pk": 132, "fields": {"choice": 186, "time": 0.049}}, {"model": "quiz.responseoption", "pk": 133, "fields": {"choice": 184, "time": 0.057}}, {"model": "quiz.responseoption", "pk": 134, "fields": {"choice": 186, "time": 0.049}}, {"model": "quiz.responseoption", "pk": 135, "fields": {"choice": 84, "time": 0.043000000000000003}}, {"model": "quiz.responseoption", "pk": 136, "fields": {"choice": 87, "time": 0.044}}, {"model": "quiz.responseoption", "pk": 137, "fields": {"choice": 83, "time": 0.063}}, {"model": "quiz.responseoption", "pk": 138, "fields": {"choice": 87, "time": 0.038}}, {"model": "quiz.responseoption", "pk": 139, "fields": {"choice": 83, "time": 0.063}}, {"model": "quiz.responseoption", "pk": 140, "fields": {"choice": 87, "time": 0.038}}, {"model": "quiz.responseoption", "pk": 141, "fields": {"choice": 184, "time": 0.097}}, {"model": "quiz.responseoption", "pk": 142, "fields": {"choice": 186, "time": 0.039}}, {"model": "quiz.responseoption", "pk": 143, "fields": {"choice": 181, "time": 0.116}}, {"model": "quiz.responseoption", "pk": 144, "fields": {"choice": 181, "time": 0.134}}, {"model": "quiz.responseoption", "pk": 145, "fields": {"choice": 181, "time": 0.116}}, {"model": "quiz.responseoption", "pk": 146, "fields": {"choice": 181, "time": 0.134}}, {"model": "quiz.responseoption", "pk": 147, "fields": {"choice": 84, "time": 0.041999999999999996}}, {"model": "quiz.responseoption", "pk": 148, "fields": {"choice": 86, "time": 0.037}}, {"model": "quiz.responseoption", "pk": 149, "fields": {"choice": 84, "time": 0.041999999999999996}}, {"model": "quiz.responseoption", "pk": 150, "fields": {"choice": 86, "time": 0.037}}, {"model": "quiz.responseoption", "pk": 151, "fields": {"choice": 81, "time": 0.039}}, {"model": "quiz.responseoption", "pk": 152, "fields": {"choice": 88, "time": 0.06999999999999999}}, {"model": "quiz.responseoption", "pk": 153, "fields": {"choice": 91, "time": 0.045000000000000005}}, {"model": "quiz.responseoption", "pk": 154, "fields": {"choice": 96, "time": 0.045000000000000005}}, {"model": "quiz.responseoption", "pk": 155, "fields": {"choice": 98, "time": 0.111}}, {"model": "quiz.responseoption", "pk": 156, "fields": {"choice": 102, "time": 0.034999999999999996}}, {"model": "quiz.responseoption", "pk": 157, "fields": {"choice": 107, "time": 0.052}}, {"model": "quiz.responseoption", "pk": 158, "fields": {"choice": 111, "time": 0.04}}, {"model": "quiz.responseoption", "pk": 159, "fields": {"choice": 114, "time": 0.063}}, {"model": "quiz.responseoption", "pk": 160, "fields": {"choice": 119, "time": 0.047}}, {"model": "quiz.responseoption", "pk": 161, "fields": {"choice": 182, "time": 0.14300000000000002}}, {"model": "quiz.responseoption", "pk": 162, "fields": {"choice": 185, "time": 0.229}}, {"model": "quiz.responseoption", "pk": 163, "fields": {"choice": 192, "time": 0.127}}, {"model": "quiz.responseoption", "pk": 164, "fields": {"choice": 193, "time": 0.171}}, {"model": "quiz.responseoption", "pk": 165, "fields": {"choice": 199, "time": 0.148}}, {"model": "quiz.responseoption", "pk": 166, "fields": {"choice": 202, "time": 0.23299999999999998}}, {"model": "quiz.responseoption", "pk": 167, "fields": {"choice": 206, "time": 0.07100000000000001}}, {"model": "quiz.responseoption", "pk": 168, "fields": {"choice": 211, "time": 0.152}}, {"model": "quiz.responseoption", "pk": 169, "fields": {"choice": 214, "time": 0.156}}, {"model": "quiz.responseoption", "pk": 170, "fields": {"choice": 219, "time": 0.048}}, {"model": "quiz.responseoption", "pk": 171, "fields": {"choice": 183, "time": 0.175}}, {"model": "quiz.responseoption", "pk": 172, "fields": {"choice": 186, "time": 0.051}}, {"model": "quiz.responseoption", "pk": 173, "fields": {"choice": 189, "time": 0.05}}, {"model": "quiz.responseoption", "pk": 174, "fields": {"choice": 183, "time": 0.175}}, {"model": "quiz.responseoption", "pk": 175, "fields": {"choice": 186, "time": 0.051}}, {"model": "quiz.responseoption", "pk": 176, "fields": {"choice": 189, "time": 0.05}}, {"model": "quiz.news", "pk": 5, "fields": {"title": "title", "img": "news/Screenshot_from_2019-04-03_19-01-22.png", "description": "description", "url": "https://drive.google.com/drive/folders/0B9aTAypHN9UGcjNTdl9zYWtuOUE"}}, {"model": "quiz.news", "pk": 6, "fields": {"title": "title1", "img": "news/Screenshot_from_2018-11-28_00-44-01.png", "description": "descriptionasfsag asfgsafa", "url": "https://drive.google.com/drive/folders/0B9aTAypHN9UGcjNTdl9zYWtuOUE"}}, {"model": "quiz.quizimage", "pk": 1, "fields": {"img": "quizimages/Screenshot_from_2019-04-03_18-52-13.png"}}, {"model": "quiz.quizimage", "pk": 2, "fields": {"img": "quizimages/Screenshot_from_2019-04-03_19-01-22.png"}}, {"model": "sites.site", "pk": 1, "fields": {"domain": "127.0.0.1", "name": "example.com"}}, {"model": "sites.site", "pk": 2, "fields": {"domain": "localhost", "name": "localhost"}}, {"model": "socialaccount.socialapp", "pk": 1, "fields": {"provider": "google", "name": "Gmail", "client_id": "875863733714-4f56nlktrpca0r1fe2mkm990ap5qk7sr.apps.googleusercontent.com", "secret": "DdJ7m8zs7_w2kGN1XbxCwlL9", "key": "", "sites": [1, 2]}}, {"model": "socialaccount.socialapp", "pk": 2, "fields": {"provider": "facebook", "name": "Facebook", "client_id": "402498597209431", "secret": "5464b93c1b662137f3f0a3f1ceec08f5", "key": "", "sites": [1, 2]}}, {"model": "socialaccount.socialapp", "pk": 3, "fields": {"provider": "twitter", "name": "Twitter", "client_id": "I5E8FWHGkMcIykAAeKUNg5E1o", "secret": "i8FqrDvZNPLMWtSBhTltcnBNVef9410EihgHybN65STqQLepbA", "key": "", "sites": [1, 2]}}]